<?xml version="1.0" encoding="UTF-8"?>
<project-private xmlns="http://www.netbeans.org/ns/project-private/1">
    <editor-bookmarks xmlns="http://www.netbeans.org/ns/editor-bookmarks/2" lastBookmarkId="0"/>
    <open-files xmlns="http://www.netbeans.org/ns/projectui-open-files/2">
        <group>
            <file>file:/C:/Users/Cher/OneDrive%20-%20Universidad%20del%20Norte/Documentos/NetBeansProjects/MCV_calculator/src/main/Main.java</file>
            <file>file:/C:/Users/Cher/OneDrive%20-%20Universidad%20del%20Norte/Documentos/NetBeansProjects/MCV_calculator/src/core/controllers/Calculator.java</file>
            <file>file:/C:/Users/Cher/OneDrive%20-%20Universidad%20del%20Norte/Documentos/NetBeansProjects/MCV_calculator/src/core/models/history/History.java</file>
            <file>file:/C:/Users/Cher/OneDrive%20-%20Universidad%20del%20Norte/Documentos/NetBeansProjects/MCV_calculator/src/core/views/CalculatorFrame.java</file>
            <file>file:/C:/Users/Cher/OneDrive%20-%20Universidad%20del%20Norte/Documentos/NetBeansProjects/MCV_calculator/src/core/models/Operation.java</file>
        </group>
    </open-files>
</project-private>
